"","measurement.no","f2","vowel"
"1",0,1479.75058607164,"A"
"2",1,1507.76940698365,"A"
"3",2,1534.39152862987,"A"
"4",3,1577.8134615646,"A"
"5",4,1813.61572025886,"A"
"6",5,1944.57908890735,"A"
"7",6,1967.59158222187,"A"
"8",7,1983.74521409682,"A"
"9",8,1997.74985547633,"A"
"10",9,2009.74999563576,"A"
"11",10,2019.74999986821,"A"
